repo_sha_id,ecosystem,package_name,repository_url,versions_count,first_release_published_at,latest_release_published_at,created_at,updated_at,downloads,dependent_repos_count,dependent_packages_count,stargazers_count,forks_count,average_ranking,dependent_packages_url,dependent_repos_url,package_id,sha_id,owner,treated,private_owned,record_id,scores,match_id
416eae3d6fa747c5b9b51b667d7364dda44e4ca474d7fd926d4d52aa5929ad04,spack,fpm,https://github.com/fortran-lang/fpm,10.0,2022-04-05T09:13:49.186Z,2024-01-14T10:11:32.933Z,2022-04-05 09:13:49.160,2026-01-09 03:18:15.637,,0.0,57.27386411004586,9.184382381547868,13.199944421286647,19.914547728220093,,,,416eae3d6fa747c5b9b51b667d7364dda44e4ca474d7fd926d4d52aa5929ad04,fortran-lang,1,0,50,0.14371158922783012,0
2459dc1d0bd7cbfd6a44e80d8b330fdb7cdcae64074fff8c6c2527e9b9db5c8c,maven,com.fpliu.ndk.pkg.prefab.android.21:curl,https://github.com/curl/curl,1.0,2022-04-26T21:10:17.000Z,2022-04-26T21:10:17.000Z,2022-07-25 18:58:33.658,2026-01-30 00:46:31.762,,31.979943940947386,48.85985838769028,0.5836642235299547,0.8898421558457714,20.57832717700335,,,,2459dc1d0bd7cbfd6a44e80d8b330fdb7cdcae64074fff8c6c2527e9b9db5c8c,curl,1,0,46,0.18233900416861137,1
2459dc1d0bd7cbfd6a44e80d8b330fdb7cdcae64074fff8c6c2527e9b9db5c8c,conda,libcurl-static,https://github.com/curl/curl,15.0,2020-07-17T06:29:17.000Z,2022-10-26T09:27:14.000Z,2022-10-03 15:45:53.131,2026-01-19 18:14:10.933,,34.025455452957324,51.17544297479411,1.182929872722735,1.3326678312952334,21.92912403294235,,,,2459dc1d0bd7cbfd6a44e80d8b330fdb7cdcae64074fff8c6c2527e9b9db5c8c,curl,1,0,45,0.18345879409086788,2
416eae3d6fa747c5b9b51b667d7364dda44e4ca474d7fd926d4d52aa5929ad04,conda,fpm,https://github.com/fortran-lang/fpm,7.0,2021-03-17T07:35:01.000Z,2022-10-26T21:34:06.000Z,2022-10-03 15:43:35.370,2026-02-05 04:05:19.024,,20.18064773691302,51.569439592794055,15.439892210190129,20.869304855531713,27.01482109885723,,,,416eae3d6fa747c5b9b51b667d7364dda44e4ca474d7fd926d4d52aa5929ad04,fortran-lang,1,0,49,0.20646184990188998,3
2459dc1d0bd7cbfd6a44e80d8b330fdb7cdcae64074fff8c6c2527e9b9db5c8c,conda,ca-certificates,https://github.com/curl/curl,39.0,2017-09-20T08:45:56.000Z,2025-12-02T22:17:21.000Z,2022-10-03 15:39:19.007,2026-02-03 00:07:37.015,,0.5529953917050692,21.566820276497694,3.0721966205837172,4.546850998463902,7.4347158218125955,,,,2459dc1d0bd7cbfd6a44e80d8b330fdb7cdcae64074fff8c6c2527e9b9db5c8c,curl,1,0,42,0.22567571359380545,4
135936a50be2b2f2224fb3eb6bf8465a02df7fb3103a5acd68b27b3c6457427a,conda,fortran_stdlib,https://github.com/fortran-lang/stdlib,3.0,2021-10-14T12:30:00.000Z,2022-04-22T21:44:51.000Z,2022-10-03 15:43:34.779,2026-02-02 20:53:43.926,,24.342532062478167,51.58940066869604,14.277159538899149,16.33814062577973,26.63680822396327,,,,135936a50be2b2f2224fb3eb6bf8465a02df7fb3103a5acd68b27b3c6457427a,fortran-lang,1,0,48,0.2327133972650288,5
ecf08afaccf99a7e9aa4f8313b9169bbffd7801926149cedc2dbe9d474268245,conda,cryptography-vectors,https://github.com/pyca/cryptography,46.0,2018-07-18T19:08:43.000Z,2022-11-02T09:17:32.000Z,2022-10-03 15:40:13.338,2026-02-22 00:13:52.259,,7.941103069628151,19.580733715997006,4.661841776890442,4.397304716745695,9.145245819815324,https://packages.ecosyste.ms/api/v1/registries/conda-forge.org/packages/cryptography-vectors/dependent_packages,https://repos.ecosyste.ms/api/v1/usage/conda/cryptography-vectors/dependencies,5283743,ecf08afaccf99a7e9aa4f8313b9169bbffd7801926149cedc2dbe9d474268245,pyca,1,0,54,0.2802493956988627,6
2459dc1d0bd7cbfd6a44e80d8b330fdb7cdcae64074fff8c6c2527e9b9db5c8c,conda,curl,https://github.com/curl/curl,41.0,2017-11-13T19:52:30.000Z,2026-01-28T12:56:49.000Z,2022-10-03 15:40:00.601,2026-02-02 17:03:37.288,,6.205837173579109,9.400921658986174,2.9800307219662057,4.45468509984639,5.76036866359447,,,,2459dc1d0bd7cbfd6a44e80d8b330fdb7cdcae64074fff8c6c2527e9b9db5c8c,curl,1,0,43,0.28288915460009606,7
ecf08afaccf99a7e9aa4f8313b9169bbffd7801926149cedc2dbe9d474268245,go,github.com/pyca/cryptography,https://github.com/pyca/cryptography,1025.0,2022-11-15T03:44:09.000Z,2026-02-27T23:44:46.000Z,2022-04-13 00:35:43.953,2026-02-28 05:45:10.020,,4.8023661777224,8.379904349506738,0.8853633361707728,0.7513046052875066,3.7047346171718543,https://packages.ecosyste.ms/api/v1/registries/proxy.golang.org/packages/github.com%2Fpyca%2Fcryptography/dependent_packages,https://repos.ecosyste.ms/api/v1/usage/go/github.com/pyca/cryptography/dependencies,4257399,ecf08afaccf99a7e9aa4f8313b9169bbffd7801926149cedc2dbe9d474268245,pyca,1,0,55,0.29458212503229037,8
6df74e1cfe6e6c9a1aa8b18a24e459c66aca1ee76110dbab9643798462efe00e,go,github.com/rubygems/bundler,https://github.com/rubygems/bundler,149.0,2010-02-04T01:51:46.000Z,2020-01-05T16:46:34.000Z,2023-04-03 00:36:19.150,2026-01-18 19:24:07.771,,4.7581353553507055,9.566349969205294,0.9638228205700347,0.5139176782633015,3.950556455847334,,,,6df74e1cfe6e6c9a1aa8b18a24e459c66aca1ee76110dbab9643798462efe00e,rubygems,1,0,41,0.2948045375375863,9
ecf08afaccf99a7e9aa4f8313b9169bbffd7801926149cedc2dbe9d474268245,pypi,cryptography,https://github.com/pyca/cryptography,152.0,2014-01-08T23:17:39.000Z,2026-02-10T19:17:08.000Z,2022-04-10 10:29:12.911,2026-03-09 15:17:21.773,0.0027512486083267453,0.006786413233872639,0.008620578972757136,0.7545757849770821,1.5489529664879578,0.3871923874785173,https://packages.ecosyste.ms/api/v1/registries/pypi.org/packages/cryptography/dependent_packages,https://repos.ecosyste.ms/api/v1/usage/pypi/cryptography/dependencies,2683636,ecf08afaccf99a7e9aa4f8313b9169bbffd7801926149cedc2dbe9d474268245,pyca,1,0,66,0.30078483001899986,10
ecf08afaccf99a7e9aa4f8313b9169bbffd7801926149cedc2dbe9d474268245,spack,py-cryptography,https://github.com/pyca/cryptography,18.0,2022-04-05T09:23:44.877Z,2024-11-12T05:34:03.550Z,2022-04-05 09:23:44.844,2026-02-21 17:03:37.162,,0.0,2.7928303459774906,1.9174656106711132,2.5288314575517576,1.8097818535500902,https://packages.ecosyste.ms/api/v1/registries/spack.io/packages/py-cryptography/dependent_packages,https://repos.ecosyste.ms/api/v1/usage/spack/py-cryptography/dependencies,75175,ecf08afaccf99a7e9aa4f8313b9169bbffd7801926149cedc2dbe9d474268245,pyca,1,0,68,0.3067119853648653,11
f1d23b8962ebc1a335d62f76e1ffb3a279f703904d35d4a42022b855285de517,pypi,pyopenssl,https://github.com/pyca/pyopenssl,42.0,2008-04-11T19:49:06.000Z,2025-09-17T00:32:19.000Z,2022-04-10 12:16:18.602,2026-03-09 10:06:41.859,0.013389409893856829,0.07410029585093368,0.05429130587098111,2.8902783713341904,3.4715254939866877,1.0889136297467445,https://packages.ecosyste.ms/api/v1/registries/pypi.org/packages/pyopenssl/dependent_packages,https://repos.ecosyste.ms/api/v1/usage/pypi/pyopenssl/dependencies,2878467,f1d23b8962ebc1a335d62f76e1ffb3a279f703904d35d4a42022b855285de517,pyca,1,0,64,0.3070486261588171,12
1bf3e6419f666a471a3280cfd681fbb739e48b1068ec2b536eba0b8f54fda527,go,github.com/rubygems/rubygems,https://github.com/rubygems/rubygems,301.0,2004-03-14T22:48:48.000Z,2025-12-23T05:39:14.000Z,2023-12-02 02:15:00.448,2025-12-25 22:10:19.987,,10.801592556016239,9.575730298247606,1.1377096690791095,0.5624913566934768,5.519380970009108,,,,1bf3e6419f666a471a3280cfd681fbb739e48b1068ec2b536eba0b8f54fda527,rubygems,1,0,39,0.3102102149688837,13
f1d23b8962ebc1a335d62f76e1ffb3a279f703904d35d4a42022b855285de517,alpine,py2-openssl,https://github.com/pyca/pyopenssl,1.0,2019-01-26T08:33:01.000Z,2019-01-26T08:33:01.000Z,2023-01-31 22:24:36.080,2026-03-03 12:42:51.638,,0.0,8.2679971489665,2.4827750059396534,1.5680684248039916,3.0797101449275366,https://packages.ecosyste.ms/api/v1/registries/alpine-v3.6/packages/py2-openssl/dependent_packages,https://repos.ecosyste.ms/api/v1/usage/alpine/py2-openssl/dependencies,6135721,f1d23b8962ebc1a335d62f76e1ffb3a279f703904d35d4a42022b855285de517,pyca,1,0,58,0.31051348920385174,14
2459dc1d0bd7cbfd6a44e80d8b330fdb7cdcae64074fff8c6c2527e9b9db5c8c,conda,libcurl,https://github.com/curl/curl,39.0,2018-01-24T16:55:53.000Z,2026-01-28T12:56:58.000Z,2022-10-03 15:40:33.750,2026-01-29 16:43:19.393,,5.099846390168971,2.3663183773816843,2.9800307219662057,4.45468509984639,3.7252201473408126,,,,2459dc1d0bd7cbfd6a44e80d8b330fdb7cdcae64074fff8c6c2527e9b9db5c8c,curl,1,0,44,0.313198235535679,15
f1d23b8962ebc1a335d62f76e1ffb3a279f703904d35d4a42022b855285de517,adelie,py3-openssl,https://github.com/pyca/pyopenssl,1.0,2023-01-07T09:58:41.000Z,2023-01-07T09:58:41.000Z,2023-01-31 17:51:31.523,2026-03-01 12:26:28.391,,0.0,4.588014981273409,1.9662921348314606,1.1904761904761905,1.9361958266452648,https://packages.ecosyste.ms/api/v1/registries/pkg.adelielinux.org/packages/py3-openssl/dependent_packages,https://repos.ecosyste.ms/api/v1/usage/adelie/py3-openssl/dependencies,6040747,f1d23b8962ebc1a335d62f76e1ffb3a279f703904d35d4a42022b855285de517,pyca,1,0,56,0.32182715433782016,16
f1d23b8962ebc1a335d62f76e1ffb3a279f703904d35d4a42022b855285de517,alpine,py-openssl,https://github.com/pyca/pyopenssl,1.0,2019-01-18T16:16:49.000Z,2019-01-18T16:16:49.000Z,2023-01-31 20:57:20.121,2026-02-11 13:13:00.713,,0.0,9.02704969595303,3.9211574753617113,2.5581882994338434,3.876598867687146,https://packages.ecosyste.ms/api/v1/registries/alpine-v3.8/packages/py-openssl/dependent_packages,https://repos.ecosyste.ms/api/v1/usage/alpine/py-openssl/dependencies,6104266,f1d23b8962ebc1a335d62f76e1ffb3a279f703904d35d4a42022b855285de517,pyca,1,0,57,0.32556991020229686,17
56f10a291253a8e2bf0a8c039ecd8c4c83ab70c883e2ce4070edd862ee9c43cc,pypi,sigstore,https://github.com/sigstore/sigstore-python,63.0,2022-04-28T16:53:13.000Z,2026-01-26T15:01:33.000Z,2022-04-28 17:01:45.392,2026-03-09 10:18:03.331,4.448464643751531,4.956183038226079,3.2732248313335557,5.207936316725943,6.278259770723174,4.832813720152057,https://packages.ecosyste.ms/api/v1/registries/pypi.org/packages/sigstore/dependent_packages,https://repos.ecosyste.ms/api/v1/usage/pypi/sigstore/dependencies,4340240,56f10a291253a8e2bf0a8c039ecd8c4c83ab70c883e2ce4070edd862ee9c43cc,sigstore,1,0,65,0.32920347523161214,18
f1d23b8962ebc1a335d62f76e1ffb3a279f703904d35d4a42022b855285de517,pypi,pyiopenssl,https://github.com/pyca/pyopenssl,8.0,2023-01-13T17:36:49.000Z,2023-01-13T18:20:03.000Z,2023-01-13 17:37:51.407,2026-03-09 06:00:50.872,,31.243743455135096,4.637800833129587,2.019563658002717,2.5302208003985616,10.10783218666649,https://packages.ecosyste.ms/api/v1/registries/pypi.org/packages/pyiopenssl/dependent_packages,https://repos.ecosyste.ms/api/v1/usage/pypi/pyiopenssl/dependencies,5871192,f1d23b8962ebc1a335d62f76e1ffb3a279f703904d35d4a42022b855285de517,pyca,1,0,62,0.3691953719881395,19
f1d23b8962ebc1a335d62f76e1ffb3a279f703904d35d4a42022b855285de517,pypi,pylopenssl,https://github.com/pyca/pyopenssl,4.0,2023-01-04T08:22:35.000Z,2023-01-04T08:47:30.000Z,2023-01-04 08:28:36.507,2026-03-09 06:01:06.687,,31.240260039651435,4.63529899949283,2.02314537323067,2.531467564203052,10.107542994144497,https://packages.ecosyste.ms/api/v1/registries/pypi.org/packages/pylopenssl/dependent_packages,https://repos.ecosyste.ms/api/v1/usage/pypi/pylopenssl/dependencies,5799310,f1d23b8962ebc1a335d62f76e1ffb3a279f703904d35d4a42022b855285de517,pyca,1,0,63,0.369270594706095,20
f1d23b8962ebc1a335d62f76e1ffb3a279f703904d35d4a42022b855285de517,alpine,py3-openssl,https://github.com/pyca/pyopenssl,1.0,2020-04-02T01:43:47.000Z,2020-04-02T01:43:47.000Z,2023-02-01 03:38:31.809,2026-03-02 14:17:52.517,,0.0,1.6610514769254878,4.904802946015828,2.828488599858967,2.3485857557000704,https://packages.ecosyste.ms/api/v1/registries/alpine-v3.12/packages/py3-openssl/dependent_packages,https://repos.ecosyste.ms/api/v1/usage/alpine/py3-openssl/dependencies,6220025,f1d23b8962ebc1a335d62f76e1ffb3a279f703904d35d4a42022b855285de517,pyca,1,0,59,0.38363730133677953,21
5e1cc8a9e478f6ee467d211633e4614f6f3cc4f10696723d770d29bdbbaf4a61,rubygems,restclient,https://github.com/rubygems/rubygems.org,1.0,2018-07-23T03:30:32.982Z,2018-07-23T03:30:32.982Z,2022-04-06 09:09:08.614,2026-01-01 01:17:07.086,9.810396250532595,4.152369418466438,1.3708537980219335,1.0309914112080372,0.4557890251833247,3.3640799806824653,,,,5e1cc8a9e478f6ee467d211633e4614f6f3cc4f10696723d770d29bdbbaf4a61,rubygems,1,0,28,0.4033491820363042,22
cd7a13351f95be2d3d5f3ba52c44e578772594630e3fd24dedbaeaeed7a53d71,actions,fortran-lang/setup-fpm,https://github.com/fortran-lang/setup-fpm,10.0,2020-11-27T12:35:30.000Z,2024-11-17T18:45:10.000Z,2023-01-04 14:16:37.511,2025-12-10 12:05:40.821,,5.846933924893044,0.0,7.811757249247346,6.807162097924259,5.116463318016162,,,,cd7a13351f95be2d3d5f3ba52c44e578772594630e3fd24dedbaeaeed7a53d71,fortran-lang,1,0,51,0.4110984204514516,23
ecf08afaccf99a7e9aa4f8313b9169bbffd7801926149cedc2dbe9d474268245,conda,cryptography,https://github.com/pyca/cryptography,46.0,2017-09-21T00:27:12.000Z,2026-02-19T09:23:32.000Z,2022-10-03 15:39:59.780,2026-03-02 20:09:47.093,,2.4539877300613497,0.7055214723926381,10.98159509202454,10.429447852760736,6.142638036809816,https://packages.ecosyste.ms/api/v1/registries/anaconda.org/packages/cryptography/dependent_packages,https://repos.ecosyste.ms/api/v1/usage/conda/cryptography/dependencies,5283605,ecf08afaccf99a7e9aa4f8313b9169bbffd7801926149cedc2dbe9d474268245,pyca,1,0,53,0.41977502965127383,24
f1d23b8962ebc1a335d62f76e1ffb3a279f703904d35d4a42022b855285de517,alpine,py3-openssl-pyc,https://github.com/pyca/pyopenssl,8.0,2023-04-20T10:29:58.000Z,2025-10-14T09:16:27.000Z,2023-04-23 01:48:11.439,2026-02-14 10:11:54.679,,0.0,14.132689623958058,10.508738728709785,5.131915841033063,7.443336048425227,https://packages.ecosyste.ms/api/v1/registries/alpine-edge/packages/py3-openssl-pyc/dependent_packages,https://repos.ecosyste.ms/api/v1/usage/alpine/py3-openssl-pyc/dependencies,7632511,f1d23b8962ebc1a335d62f76e1ffb3a279f703904d35d4a42022b855285de517,pyca,1,0,60,0.4285694341407325,25
ecf08afaccf99a7e9aa4f8313b9169bbffd7801926149cedc2dbe9d474268245,pypi,this-package-is-a-test-of-starjacking,https://github.com/pyca/cryptography,1.0,2023-09-11T15:48:47.000Z,2023-09-11T15:48:47.000Z,2023-09-11 16:03:15.211,2026-02-28 05:44:55.431,,69.11478763108917,7.406137391628379,0.3867276343838906,1.000697377701348,19.4770875087007,https://packages.ecosyste.ms/api/v1/registries/pypi.org/packages/this-package-is-a-test-of-starjacking/dependent_packages,https://repos.ecosyste.ms/api/v1/usage/pypi/this-package-is-a-test-of-starjacking/dependencies,8261437,ecf08afaccf99a7e9aa4f8313b9169bbffd7801926149cedc2dbe9d474268245,pyca,1,0,67,0.4348176197854048,26
2459dc1d0bd7cbfd6a44e80d8b330fdb7cdcae64074fff8c6c2527e9b9db5c8c,nuget,libcurl-v143-shared,https://github.com/curl/curl,1.0,2023-10-23T08:20:32.393Z,2023-10-23T08:20:32.393Z,2023-10-23 08:30:44.387,2026-02-02 17:03:23.270,56.12211988045364,14.925985345925472,19.38227846426368,0.021830486274081757,0.027949637729695578,18.096032762929315,,,,2459dc1d0bd7cbfd6a44e80d8b330fdb7cdcae64074fff8c6c2527e9b9db5c8c,curl,1,0,47,0.6610928293699548,27
f1d23b8962ebc1a335d62f76e1ffb3a279f703904d35d4a42022b855285de517,conda,pyopenssl,https://github.com/pyca/pyopenssl,16.0,2017-09-21T00:52:12.000Z,2025-11-03T10:42:36.000Z,2022-10-03 15:41:11.957,2026-03-03 12:40:16.032,,2.567200241618846,2.476593174267593,25.581395348837212,16.611295681063122,11.809121111446693,https://packages.ecosyste.ms/api/v1/registries/anaconda.org/packages/pyopenssl/dependent_packages,https://repos.ecosyste.ms/api/v1/usage/conda/pyopenssl/dependencies,5284704,f1d23b8962ebc1a335d62f76e1ffb3a279f703904d35d4a42022b855285de517,pyca,1,0,61,0.6835610650009412,28
5ea4020de57137d712872941d1973be6f78d5cb929c3008c7ad4e2ebe04dad17,pypi,frida-android-m2crypto,https://gitlab.com/m2crypto/m2crypto,1.0,2017-11-12T01:37:11.000Z,2017-11-12T01:37:11.000Z,2022-04-10 11:04:04.622,2026-03-09 03:01:59.304,42.28259733348538,21.534861440080295,10.125576461732065,8.81987931771749,5.063283921379302,17.565239694878905,https://packages.ecosyste.ms/api/v1/registries/pypi.org/packages/frida-android-m2crypto/dependent_packages,https://repos.ecosyste.ms/api/v1/usage/pypi/frida-android-m2crypto/dependencies,2740765,5ea4020de57137d712872941d1973be6f78d5cb929c3008c7ad4e2ebe04dad17,m2crypto,1,0,52,0.7182508488934893,29
5e1cc8a9e478f6ee467d211633e4614f6f3cc4f10696723d770d29bdbbaf4a61,rubygems,multijson,https://github.com/rubygems/rubygems.org,1.0,2018-07-23T03:29:13.181Z,2018-07-23T03:29:13.181Z,2022-04-06 05:04:02.117,2025-12-30 21:48:14.652,73.30429300166217,46.781949801970555,15.705942029816185,0.9514475184987763,0.4143955155871177,27.43160557350696,,,,5e1cc8a9e478f6ee467d211633e4614f6f3cc4f10696723d770d29bdbbaf4a61,rubygems,1,0,16,0.8167276452737049,30
5ea4020de57137d712872941d1973be6f78d5cb929c3008c7ad4e2ebe04dad17,conda,m2crypto,https://gitlab.com/m2crypto/m2crypto,13.0,2022-10-03T15:46:39.475Z,2022-03-16T20:03:40.000Z,2022-10-03 15:46:39.467,2026-02-23 10:18:37.401,,13.912869903687808,7.1011527521333395,38.779380208593246,21.84739757472928,20.41020010978592,https://packages.ecosyste.ms/api/v1/registries/conda-forge.org/packages/m2crypto/dependent_packages,https://repos.ecosyste.ms/api/v1/usage/conda/m2crypto/dependencies,5288905,5ea4020de57137d712872941d1973be6f78d5cb929c3008c7ad4e2ebe04dad17,m2crypto,1,0,0,0.8372978923980967,31
5e1cc8a9e478f6ee467d211633e4614f6f3cc4f10696723d770d29bdbbaf4a61,rubygems,awesomeprint,https://github.com/rubygems/rubygems.org,1.0,2018-07-23T03:31:52.583Z,2018-07-23T03:31:52.583Z,2022-04-05 17:31:53.982,2025-12-26 20:26:24.827,79.06414246493686,46.781949801970555,15.705942029816185,0.9514475184987763,0.41152970980850684,28.583002305006175,,,,5e1cc8a9e478f6ee467d211633e4614f6f3cc4f10696723d770d29bdbbaf4a61,rubygems,1,0,1,0.8465207957664858,32
5e1cc8a9e478f6ee467d211633e4614f6f3cc4f10696723d770d29bdbbaf4a61,rubygems,netssh,https://github.com/rubygems/rubygems.org,1.0,2018-07-23T03:30:45.072Z,2018-07-23T03:30:45.072Z,2022-04-06 05:26:18.437,2025-12-28 04:08:08.586,89.31048317762365,46.781949801970555,15.705942029816185,0.9514475184987763,0.41152970980850684,30.632270447543533,,,,5e1cc8a9e478f6ee467d211633e4614f6f3cc4f10696723d770d29bdbbaf4a61,rubygems,1,0,20,0.889497675292895,33
5e1cc8a9e478f6ee467d211633e4614f6f3cc4f10696723d770d29bdbbaf4a61,rubygems,coffeescript,https://github.com/rubygems/rubygems.org,1.0,2018-07-23T03:30:11.480Z,2018-07-23T03:30:11.480Z,2022-04-05 19:37:58.619,2026-01-05 16:30:00.006,89.62864888720762,46.781949801970555,15.705942029816185,0.9514475184987763,0.4143955155871177,30.69647675061605,,,,5e1cc8a9e478f6ee467d211633e4614f6f3cc4f10696723d770d29bdbbaf4a61,rubygems,1,0,6,0.8906197860458833,34
5e1cc8a9e478f6ee467d211633e4614f6f3cc4f10696723d770d29bdbbaf4a61,rubygems,awssdk,https://github.com/rubygems/rubygems.org,1.0,2018-07-23T03:29:38.608Z,2018-07-23T03:29:38.608Z,2022-04-05 17:33:45.676,2025-12-26 09:41:25.503,90.71650876076826,46.781949801970555,15.705942029816185,0.9514475184987763,0.4143955155871177,30.91404872532818,,,,5e1cc8a9e478f6ee467d211633e4614f6f3cc4f10696723d770d29bdbbaf4a61,rubygems,1,0,2,0.8944584201226168,35
5e1cc8a9e478f6ee467d211633e4614f6f3cc4f10696723d770d29bdbbaf4a61,rubygems,concurrentruby,https://github.com/rubygems/rubygems.org,1.0,2018-07-23T03:31:07.519Z,2018-07-23T03:31:07.519Z,2022-04-05 19:46:59.402,2025-12-26 01:46:37.462,91.95907605892131,46.781949801970555,15.705942029816185,0.9514475184987763,0.4143955155871177,31.16256218495879,,,,5e1cc8a9e478f6ee467d211633e4614f6f3cc4f10696723d770d29bdbbaf4a61,rubygems,1,0,8,0.8986943820774772,36
5e1cc8a9e478f6ee467d211633e4614f6f3cc4f10696723d770d29bdbbaf4a61,rubygems,awssdkcore,https://github.com/rubygems/rubygems.org,1.0,2018-07-23T03:30:16.930Z,2018-07-23T03:30:16.930Z,2022-04-05 17:36:07.911,2026-01-03 19:08:54.519,92.68932945876392,46.781949801970555,15.705942029816185,0.9514475184987763,0.4143955155871177,31.308612864927312,,,,5e1cc8a9e478f6ee467d211633e4614f6f3cc4f10696723d770d29bdbbaf4a61,rubygems,1,0,3,0.901111508244613,37
5e1cc8a9e478f6ee467d211633e4614f6f3cc4f10696723d770d29bdbbaf4a61,rubygems,awssdkresources,https://github.com/rubygems/rubygems.org,1.0,2018-07-23T03:30:50.195Z,2018-07-23T03:30:50.195Z,2022-04-05 17:41:00.145,2026-01-01 10:23:31.420,92.87957815097151,46.781949801970555,15.705942029816185,0.9514475184987763,0.4143955155871177,31.346662603368827,,,,5e1cc8a9e478f6ee467d211633e4614f6f3cc4f10696723d770d29bdbbaf4a61,rubygems,1,0,4,0.9017325717052037,38
5e1cc8a9e478f6ee467d211633e4614f6f3cc4f10696723d770d29bdbbaf4a61,rubygems,racktest,https://github.com/rubygems/rubygems.org,1.0,2018-07-23T03:29:33.543Z,2018-07-23T03:29:33.543Z,2022-04-06 08:08:50.423,2026-01-05 15:59:17.212,93.61724078638161,46.781949801970555,15.705942029816185,0.9514475184987763,0.4143955155871177,31.49419513045085,,,,5e1cc8a9e478f6ee467d211633e4614f6f3cc4f10696723d770d29bdbbaf4a61,rubygems,1,0,22,0.9041072355976167,39
5e1cc8a9e478f6ee467d211633e4614f6f3cc4f10696723d770d29bdbbaf4a61,rubygems,mimetypes,https://github.com/rubygems/rubygems.org,1.0,2018-07-23T03:29:18.204Z,2018-07-23T03:29:18.204Z,2022-04-06 04:28:15.101,2025-12-28 17:14:13.804,93.9382476170825,46.781949801970555,15.705942029816185,0.9514475184987763,0.4143955155871177,31.558396496591023,,,,5e1cc8a9e478f6ee467d211633e4614f6f3cc4f10696723d770d29bdbbaf4a61,rubygems,1,0,13,0.9051241725361037,40
5e1cc8a9e478f6ee467d211633e4614f6f3cc4f10696723d770d29bdbbaf4a61,rubygems,domainname,https://github.com/rubygems/rubygems.org,1.0,2018-07-23T03:31:47.596Z,2018-07-23T03:31:47.596Z,2022-04-05 21:03:28.339,2026-01-15 00:02:31.557,94.0133317284821,46.781949801970555,15.705942029816185,0.9514475184987763,0.4143955155871177,31.573413318870944,,,,5e1cc8a9e478f6ee467d211633e4614f6f3cc4f10696723d770d29bdbbaf4a61,rubygems,1,0,9,0.9053606096303226,41
5e1cc8a9e478f6ee467d211633e4614f6f3cc4f10696723d770d29bdbbaf4a61,rubygems,netscp,https://github.com/rubygems/rubygems.org,1.0,2018-07-23T03:32:09.555Z,2018-07-23T03:32:09.555Z,2022-04-06 05:26:06.830,2026-01-03 13:09:02.977,94.18470691404302,46.781949801970555,15.705942029816185,0.9514475184987763,0.4143955155871177,31.60768835598313,,,,5e1cc8a9e478f6ee467d211633e4614f6f3cc4f10696723d770d29bdbbaf4a61,rubygems,1,0,19,0.9058982467178366,42
5e1cc8a9e478f6ee467d211633e4614f6f3cc4f10696723d770d29bdbbaf4a61,rubygems,rubygemsupdate,https://github.com/rubygems/rubygems.org,1.0,2018-07-23T03:29:23.379Z,2018-07-23T03:29:23.379Z,2022-04-06 10:03:20.291,2025-12-28 01:09:56.169,94.20190174871469,46.781949801970555,15.705942029816185,0.9514475184987763,0.4143955155871177,31.61112732291746,,,,5e1cc8a9e478f6ee467d211633e4614f6f3cc4f10696723d770d29bdbbaf4a61,rubygems,1,0,34,0.9059520357064743,43
5e1cc8a9e478f6ee467d211633e4614f6f3cc4f10696723d770d29bdbbaf4a61,rubygems,jqueryrails,https://github.com/rubygems/rubygems.org,1.0,2018-07-23T03:29:54.181Z,2018-07-23T03:29:54.181Z,2022-04-06 02:12:25.167,2026-01-08 13:27:36.437,94.21107232720624,46.781949801970555,15.705942029816185,0.9514475184987763,0.4143955155871177,31.612961438615777,,,,5e1cc8a9e478f6ee467d211633e4614f6f3cc4f10696723d770d29bdbbaf4a61,rubygems,1,0,11,0.9059807116611617,44
5e1cc8a9e478f6ee467d211633e4614f6f3cc4f10696723d770d29bdbbaf4a61,rubygems,httpcookie,https://github.com/rubygems/rubygems.org,1.0,2018-07-23T03:32:03.872Z,2018-07-23T03:32:03.872Z,2022-04-06 01:01:56.617,2025-12-27 16:48:49.457,94.2746932154914,46.781949801970555,15.705942029816185,0.9514475184987763,0.4143955155871177,31.625685616272808,,,,5e1cc8a9e478f6ee467d211633e4614f6f3cc4f10696723d770d29bdbbaf4a61,rubygems,1,0,10,0.9061794308697404,45
5e1cc8a9e478f6ee467d211633e4614f6f3cc4f10696723d770d29bdbbaf4a61,rubygems,multixml,https://github.com/rubygems/rubygems.org,1.0,2018-07-23T03:31:24.448Z,2018-07-23T03:31:24.448Z,2022-04-06 05:05:21.160,2026-01-10 00:42:29.612,94.51828670667332,46.781949801970555,15.705942029816185,0.9514475184987763,0.4143955155871177,31.67440431450919,,,,5e1cc8a9e478f6ee467d211633e4614f6f3cc4f10696723d770d29bdbbaf4a61,rubygems,1,0,18,0.9069367425857457,46
5e1cc8a9e478f6ee467d211633e4614f6f3cc4f10696723d770d29bdbbaf4a61,rubygems,multipartpost,https://github.com/rubygems/rubygems.org,1.0,2018-07-23T03:29:43.948Z,2018-07-23T03:29:43.948Z,2022-04-06 05:04:23.481,2025-12-28 15:26:11.659,94.66730860716108,46.781949801970555,15.705942029816185,0.9514475184987763,0.4143955155871177,31.70420869460674,,,,5e1cc8a9e478f6ee467d211633e4614f6f3cc4f10696723d770d29bdbbaf4a61,rubygems,1,0,17,0.9073972733243599,47
5e1cc8a9e478f6ee467d211633e4614f6f3cc4f10696723d770d29bdbbaf4a61,rubygems,mimetypesdata,https://github.com/rubygems/rubygems.org,1.0,2018-07-23T03:32:15.361Z,2018-07-23T03:32:15.361Z,2022-04-06 04:28:15.703,2026-01-03 01:37:19.140,94.7739165821254,46.781949801970555,15.705942029816185,0.9514475184987763,0.4143955155871177,31.725530289599607,,,,5e1cc8a9e478f6ee467d211633e4614f6f3cc4f10696723d770d29bdbbaf4a61,rubygems,1,0,14,0.9077254466099771,48
5e1cc8a9e478f6ee467d211633e4614f6f3cc4f10696723d770d29bdbbaf4a61,rubygems,rubygemsbundler,https://github.com/rubygems/rubygems.org,1.0,2018-07-23T03:30:38.838Z,2018-07-23T03:30:38.838Z,2022-04-06 10:02:56.860,2025-12-30 14:17:51.978,94.7739165821254,46.781949801970555,15.705942029816185,0.9514475184987763,0.4143955155871177,31.725530289599607,,,,5e1cc8a9e478f6ee467d211633e4614f6f3cc4f10696723d770d29bdbbaf4a61,rubygems,1,0,33,0.9077254466099771,49
5e1cc8a9e478f6ee467d211633e4614f6f3cc4f10696723d770d29bdbbaf4a61,rubygems,sassrails,https://github.com/rubygems/rubygems.org,1.0,2018-07-23T03:29:59.050Z,2018-07-23T03:29:59.050Z,2022-04-06 10:33:00.542,2026-01-05 12:35:42.444,94.78537980523984,46.781949801970555,15.705942029816185,0.9514475184987763,0.4143955155871177,31.727822934222495,,,,5e1cc8a9e478f6ee467d211633e4614f6f3cc4f10696723d770d29bdbbaf4a61,rubygems,1,0,35,0.9077606704560023,50
5e1cc8a9e478f6ee467d211633e4614f6f3cc4f10696723d770d29bdbbaf4a61,rubygems,rspeccore,https://github.com/rubygems/rubygems.org,1.0,2018-07-23T03:23:55.071Z,2018-07-23T03:23:55.071Z,2022-04-06 09:42:39.831,2026-02-04 19:02:36.485,94.88224404055688,46.781949801970555,15.705942029816185,0.9514475184987763,0.4143955155871177,31.747195781285903,,,,5e1cc8a9e478f6ee467d211633e4614f6f3cc4f10696723d770d29bdbbaf4a61,rubygems,1,0,29,0.9080578196766065,51
5e1cc8a9e478f6ee467d211633e4614f6f3cc4f10696723d770d29bdbbaf4a61,rubygems,rbfsevent,https://github.com/rubygems/rubygems.org,1.0,2018-07-23T03:31:18.723Z,2018-07-23T03:31:18.723Z,2022-04-06 08:35:49.842,2025-12-28 00:37:17.431,94.95503550733359,46.781949801970555,15.705942029816185,0.9514475184987763,0.4143955155871177,31.761754074641242,,,,5e1cc8a9e478f6ee467d211633e4614f6f3cc4f10696723d770d29bdbbaf4a61,rubygems,1,0,26,0.9082805426058304,52
5e1cc8a9e478f6ee467d211633e4614f6f3cc4f10696723d770d29bdbbaf4a61,rubygems,rspecexpectations,https://github.com/rubygems/rubygems.org,1.0,2018-07-23T03:28:56.318Z,2018-07-23T03:28:56.318Z,2022-04-06 09:43:24.717,2026-01-10 16:09:36.279,94.96363292466943,46.781949801970555,15.705942029816185,0.9514475184987763,0.4143955155871177,31.76347355810841,,,,5e1cc8a9e478f6ee467d211633e4614f6f3cc4f10696723d770d29bdbbaf4a61,rubygems,1,0,30,0.9083068157275598,53
5e1cc8a9e478f6ee467d211633e4614f6f3cc4f10696723d770d29bdbbaf4a61,rubygems,railsdomtesting,https://github.com/rubygems/rubygems.org,1.0,2018-07-23T03:30:56.024Z,2018-07-23T03:30:56.024Z,2022-04-06 08:18:00.548,2025-12-27 15:34:50.141,94.97334785349916,46.781949801970555,15.705942029816185,0.9514475184987763,0.4143955155871177,31.76541654387436,,,,5e1cc8a9e478f6ee467d211633e4614f6f3cc4f10696723d770d29bdbbaf4a61,rubygems,1,0,24,0.9083364955712641,54
5e1cc8a9e478f6ee467d211633e4614f6f3cc4f10696723d770d29bdbbaf4a61,rubygems,railsdeprecatedsanitizer,https://github.com/rubygems/rubygems.org,1.0,2018-07-23T03:31:58.001Z,2018-07-23T03:31:58.001Z,2022-04-06 08:17:42.886,2026-01-22 01:26:19.897,95.00547368903715,46.781949801970555,15.705942029816185,0.9514475184987763,0.4143955155871177,31.771841710981953,,,,5e1cc8a9e478f6ee467d211633e4614f6f3cc4f10696723d770d29bdbbaf4a61,rubygems,1,0,23,0.9084345796174966,55
5e1cc8a9e478f6ee467d211633e4614f6f3cc4f10696723d770d29bdbbaf4a61,rubygems,rackprotection,https://github.com/rubygems/rubygems.org,1.0,2018-07-23T03:31:13.541Z,2018-07-23T03:31:13.541Z,2022-04-06 08:06:42.785,2025-12-27 20:50:13.197,95.01636375099586,46.781949801970555,15.705942029816185,0.9514475184987763,0.4143955155871177,31.774019723373698,,,,5e1cc8a9e478f6ee467d211633e4614f6f3cc4f10696723d770d29bdbbaf4a61,rubygems,1,0,21,0.908467806406275,56
5e1cc8a9e478f6ee467d211633e4614f6f3cc4f10696723d770d29bdbbaf4a61,rubygems,rspecmocks,https://github.com/rubygems/rubygems.org,1.0,2018-07-23T03:29:01.381Z,2018-07-23T03:29:01.381Z,2022-04-06 09:45:30.665,2026-01-29 00:54:41.085,95.03470490797898,46.781949801970555,15.705942029816185,0.9514475184987763,0.4143955155871177,31.77768795477032,,,,5e1cc8a9e478f6ee467d211633e4614f6f3cc4f10696723d770d29bdbbaf4a61,rubygems,1,0,31,0.9085237422814265,57
5e1cc8a9e478f6ee467d211633e4614f6f3cc4f10696723d770d29bdbbaf4a61,rubygems,railshtmlsanitizer,https://github.com/rubygems/rubygems.org,1.0,2018-07-23T03:31:01.176Z,2018-07-23T03:31:01.176Z,2022-04-06 08:19:40.708,2026-02-04 13:12:24.530,95.05072505301771,46.781949801970555,15.705942029816185,0.9514475184987763,0.4143955155871177,31.78089198377807,,,,5e1cc8a9e478f6ee467d211633e4614f6f3cc4f10696723d770d29bdbbaf4a61,rubygems,1,0,25,0.9085725739663996,58
5e1cc8a9e478f6ee467d211633e4614f6f3cc4f10696723d770d29bdbbaf4a61,rubygems,rspecsupport,https://github.com/rubygems/rubygems.org,1.0,2018-07-23T03:29:06.880Z,2018-07-23T03:29:06.880Z,2022-04-06 09:47:32.620,2026-01-04 10:37:04.557,95.0765456723467,46.781949801970555,15.705942029816185,0.9514475184987763,0.4143955155871177,31.786056107643866,,,,5e1cc8a9e478f6ee467d211633e4614f6f3cc4f10696723d770d29bdbbaf4a61,rubygems,1,0,32,0.908651228493099,59
5e1cc8a9e478f6ee467d211633e4614f6f3cc4f10696723d770d29bdbbaf4a61,rubygems,unfext,https://github.com/rubygems/rubygems.org,1.0,2018-07-23T03:31:41.969Z,2018-07-23T03:31:41.969Z,2022-04-06 12:03:32.762,2025-12-30 15:21:16.841,95.10061844088702,46.781949801970555,15.705942029816185,0.9514475184987763,0.41152970980850684,31.79029750019621,,,,5e1cc8a9e478f6ee467d211633e4614f6f3cc4f10696723d770d29bdbbaf4a61,rubygems,1,0,38,0.9087448843591232,60
5e1cc8a9e478f6ee467d211633e4614f6f3cc4f10696723d770d29bdbbaf4a61,rubygems,sprocketsrails,https://github.com/rubygems/rubygems.org,1.0,2018-07-23T03:30:05.671Z,2018-07-23T03:30:05.671Z,2022-04-06 11:15:26.328,2026-01-02 04:05:18.991,95.19003158117968,46.781949801970555,15.705942029816185,0.9514475184987763,0.4143955155871177,31.808753289410465,,,,5e1cc8a9e478f6ee467d211633e4614f6f3cc4f10696723d770d29bdbbaf4a61,rubygems,1,0,36,0.9089961915588134,61
1bf3e6419f666a471a3280cfd681fbb739e48b1068ec2b536eba0b8f54fda527,rubygems,xdg_test_gem,https://github.com/rubygems/rubygems,2.0,2022-10-19T09:35:08.075Z,2022-10-19T09:36:17.633Z,2022-10-19 12:03:17.679,2026-01-31 13:31:18.833,98.63938560293444,46.77900045850527,15.705524988537366,0.5725584594222833,0.12895460797799174,32.36508482347547,,,,1bf3e6419f666a471a3280cfd681fbb739e48b1068ec2b536eba0b8f54fda527,rubygems,1,0,40,0.9178052788270743,62
5e1cc8a9e478f6ee467d211633e4614f6f3cc4f10696723d770d29bdbbaf4a61,rubygems,threadsafe,https://github.com/rubygems/rubygems.org,1.0,2018-07-23T03:29:28.638Z,2018-07-23T03:29:28.638Z,2025-10-07 06:29:42.485,2026-01-14 11:51:44.265,91.74054054054054,0.0,0.0,1.0194594594594595,0.47243243243243244,18.646486486486488,,,,5e1cc8a9e478f6ee467d211633e4614f6f3cc4f10696723d770d29bdbbaf4a61,rubygems,1,0,37,0.927718776249103,63
8bc94ab7a8f8c345112b141c65192499a57552c39e7235e73eb027d4d740dc54,spack,uvw,https://github.com/skypjack/uvw,3.0,2022-04-05T09:38:29.653Z,2022-04-05T09:38:29.653Z,2022-04-05 09:38:29.627,2026-01-06 09:06:58.537,,0.0,57.27386411004586,5.877448937057108,7.433652910935113,17.64624148950952,,,,8bc94ab7a8f8c345112b141c65192499a57552c39e7235e73eb027d4d740dc54,skypjack,0,0,13609,0.14370843047842619,0
2812f1ff88d83ef2b8eeea94de6088e506baadf1d68bd6bb12e91acd9e18af52,npm,@asutrick/react-pdf-png-js,https://github.com/diegomura/react-pdf,1.0,2023-12-22T15:44:22.765Z,2023-12-22T15:44:22.765Z,2023-12-22 15:45:14.270,2025-12-05 12:31:19.440,,35.97278742071819,51.559266367583234,0.8599157904851181,1.12004688113632,22.378004114980715,,,,2812f1ff88d83ef2b8eeea94de6088e506baadf1d68bd6bb12e91acd9e18af52,diegomura,0,0,3540,0.182337961129133,1
3f25318bcd611d531fbad4a5cb8913537073ed60c2a54dd22e9ab3755b8f98cd,npm,zbs.whatsapp-web.js,https://github.com/pedroslopez/whatsapp-web.js,1.0,2023-08-23T23:14:03.093Z,2023-08-23T23:14:03.093Z,2023-08-23 23:15:18.573,2025-07-05 04:17:49.067,,37.45004906976319,54.13238496768109,0.9827358162603806,0.7220058419764521,23.32179392392028,,,,3f25318bcd611d531fbad4a5cb8913537073ed60c2a54dd22e9ab3755b8f98cd,pedroslopez,0,0,185317,0.18345878160179435,2
324e1dc3c56a4b589efd2e74fff9b23c2ee47c4219d617436f05c8354bc4098b,maven,com.alibaba.cloud:spring-cloud-starter-alibaba-appactive,https://github.com/alibaba/spring-cloud-alibaba,5.0,2022-09-15T03:26:56.000Z,2024-12-02T04:41:30.000Z,2022-11-15 18:43:16.224,2026-01-06 15:58:42.787,,9.917247735833934,32.73282840426385,0.8878336138494831,0.8078865111805722,11.08644906628196,,,,324e1dc3c56a4b589efd2e74fff9b23c2ee47c4219d617436f05c8354bc4098b,alibaba,0,0,86470,0.20646703673267716,3
1aa8da7a10e0b69bba94884bb94b2dc6dec55ffadd9d5fa1fa51d0bf460d8e8e,npm,intro.js-mit,https://github.com/usablica/intro.js,1.0,2016-07-04T16:10:33.623Z,2016-07-04T16:10:33.623Z,2022-04-09 17:43:07.750,2026-01-31 08:20:18.785,5.123326145277909,10.358016171268641,21.007450672226714,0.6244597320270854,0.7088484638380637,7.564420236927683,,,,1aa8da7a10e0b69bba94884bb94b2dc6dec55ffadd9d5fa1fa51d0bf460d8e8e,usablica,0,0,197935,0.22567616461748333,4
52cbfb95ac51299c59ed3ec39bafbd87b29e96b7ea678c8100404b57b018b197,npm,@types/fast-chunk-string,https://github.com/DefinitelyTyped/DefinitelyTyped,4.0,2019-11-07T18:29:19.475Z,2023-11-07T03:23:09.788Z,2022-04-08 21:16:47.922,2026-02-01 14:55:16.379,5.829521619367719,10.31421202209354,20.938335483624662,0.15997897643777526,0.019849971277905772,7.45237961456032,,,,52cbfb95ac51299c59ed3ec39bafbd87b29e96b7ea678c8100404b57b018b197,DefinitelyTyped,0,0,63691,0.23271729347907516,5
340f4b59d8fd37e024be0644439fca0d66374259c57618e4e8b1e2beb6c6f858,npm,omelette,https://github.com/f/omelette,21.0,2013-04-26T12:16:37.651Z,2021-09-21T19:03:11.761Z,2022-04-09 21:28:29.832,2026-02-11 01:14:11.579,0.38869569723358577,0.5083266926133252,0.24681775193526917,2.1967075027342204,4.294921351261459,1.331562698337245,,,,340f4b59d8fd37e024be0644439fca0d66374259c57618e4e8b1e2beb6c6f858,f,0,0,104176,0.28024939055154596,6
0f7da6eb5e7c035b8af53dac63d811c03139c88963406113b19fc93c8a6065d8,npm,cnpmjs.org,https://github.com/cnpm/cnpmjs.org,253.0,2013-12-16T15:38:52.157Z,2017-03-26T15:24:08.068Z,2022-04-09 04:54:52.487,2026-02-12 09:21:28.990,2.254370993916646,6.519449929382214,8.975777681870001,1.568492126091332,1.4052456460050227,4.144667275453044,,,,0f7da6eb5e7c035b8af53dac63d811c03139c88963406113b19fc93c8a6065d8,cnpm,0,0,144847,0.2828894338533492,7
e22e070b92586e02768385eb9d63a529fcc6a0d646f2973a9910addd7c4fddec,npm,@modfy/videocontext,https://github.com/bbc/VideoContext,70.0,2021-07-16T23:56:51.095Z,2022-08-13T03:28:46.975Z,2022-04-07 20:36:26.130,2026-01-31 21:54:53.295,10.151466761735703,25.32799796580169,16.223928578504864,2.7646138010893337,3.048262192368271,11.503253859899973,,,,e22e070b92586e02768385eb9d63a529fcc6a0d646f2973a9910addd7c4fddec,bbc,0,0,136975,0.2945826212501773,8
d798832fc108b3fb6a192bf906aa7dccba3ff9081018405206d685e4b8dca907,npm,@twind/preset-typography,https://github.com/tw-in-js/twind,59.0,2022-10-27T08:00:06.741Z,2023-01-24T21:30:38.047Z,2022-04-08 21:10:36.149,2026-02-10 17:57:46.981,2.4215180677708426,5.570506819301493,2.4807435830423943,1.5545836327703917,3.1500053913926416,3.0354714988555527,,,,d798832fc108b3fb6a192bf906aa7dccba3ff9081018405206d685e4b8dca907,tw-in-js,0,0,193483,0.2948044731587613,9
4f7a0e897b4b81c225c123d778c36244fc1feff8e5d672b2d74fb3532dfd68bc,maven,org.webjars.npm:react-bootstrap,https://github.com/react-bootstrap/react-bootstrap,47.0,2016-09-26T10:29:18.000Z,2023-06-30T15:09:42.000Z,2022-07-27 11:07:36.002,2026-02-12 14:36:52.861,,15.992826801314418,8.262202452512623,0.9611685501322433,1.9018994950709305,6.779524324757554,,,,4f7a0e897b4b81c225c123d778c36244fc1feff8e5d672b2d74fb3532dfd68bc,react-bootstrap,0,0,62345,0.3007838316268529,10
52cbfb95ac51299c59ed3ec39bafbd87b29e96b7ea678c8100404b57b018b197,npm,@types/arrive,https://github.com/DefinitelyTyped/DefinitelyTyped,5.0,2020-11-11T21:27:43.193Z,2023-11-06T23:23:40.032Z,2022-04-08 21:13:16.089,2026-02-12 14:07:47.721,2.2832543568091985,3.01067852320495,4.510805628986658,0.15997897643777526,0.019849971277905772,1.9969134913432973,,,,52cbfb95ac51299c59ed3ec39bafbd87b29e96b7ea678c8100404b57b018b197,DefinitelyTyped,0,0,61399,0.30671217555566516,11
95b124fa6d28bc3b5d47e4a59e824cdaee89942a78812a8e3e5d3ff52a4abc9b,go,github.com/quii/mockingjay-server,https://github.com/quii/mockingjay-server,2.0,2016-02-04T13:01:46.000Z,2021-01-15T09:44:19.000Z,2022-04-10 21:56:15.621,2026-02-13 18:13:40.862,,9.345852080216646,6.999148183520997,1.5596434267039416,1.9122662695264057,4.954227489991998,,,,95b124fa6d28bc3b5d47e4a59e824cdaee89942a78812a8e3e5d3ff52a4abc9b,quii,0,0,29143,0.3070492039917732,12
e42e5262fd0dc24ad0ab54b855189643b222910b332be1c3419f3414266f3d54,maven,org.jetbrains.kotlin:kotlin-test,https://github.com/JetBrains/kotlin,203.0,2015-12-22T16:09:06.000Z,2026-02-04T18:07:22.000Z,2022-07-28 04:27:17.039,2026-02-12 12:03:03.733,,0.0797467339905426,0.03406267532259358,0.42137533060831933,1.1955999038230345,0.5394325559028613,,,,e42e5262fd0dc24ad0ab54b855189643b222910b332be1c3419f3414266f3d54,JetBrains,0,0,120080,0.3102102181455294,13
540f54bf55b2748c1f71a2749a8cd1f1d0a3e7e947d6edb765a3eaf8df00f303,npm,lodash.chunk,https://github.com/lodash/lodash,11.0,2015-01-26T15:28:33.669Z,2016-08-13T17:37:13.498Z,2022-04-09 19:01:37.144,2026-02-13 15:34:18.918,0.1904507833492258,0.19847127671593282,0.1319125480158801,0.0974820537867509,0.4298581982522223,0.20692631114176907,,,,540f54bf55b2748c1f71a2749a8cd1f1d0a3e7e947d6edb765a3eaf8df00f303,lodash,0,0,169707,0.3105141463643621,14
8dda2ed6a2cd41f347b69273a5a0274920880ec56fa6c408b6f46c676682f1cf,npm,pg-connection-string,https://github.com/brianc/node-postgres,29.0,2014-07-05T23:44:34.640Z,2026-01-30T18:35:27.551Z,2022-04-09 21:54:34.508,2026-02-13 15:36:27.342,0.04958486705998701,0.0646985316746269,0.17621661610980188,0.9418660556949492,1.0785735329067192,0.39339792856167816,,,,8dda2ed6a2cd41f347b69273a5a0274920880ec56fa6c408b6f46c676682f1cf,brianc,0,0,139349,0.3131985661606894,15
30ef3d41db818a0204b34e6e8bccc91b24bf5de83112b46f1a7842db6776e192,maven,org.webjars.npm:domino,https://github.com/fgnass/domino,4.0,2016-08-12T18:46:09.000Z,2020-10-14T18:15:56.000Z,2022-07-27 10:55:09.995,2025-12-18 13:34:07.184,,31.979943940947386,22.360619819704137,10.611493108990114,13.288844569555158,19.560225359799198,,,,30ef3d41db818a0204b34e6e8bccc91b24bf5de83112b46f1a7842db6776e192,fgnass,0,0,111317,0.32182741572913925,16
662956948b928f2b082623b2366e6b8f2a1b32a9ee1f7e6fad07a33ad1362dca,go,github.com/kyma-project/kyma,https://github.com/kyma-project/kyma,1.0,2018-08-08T06:05:46.000Z,2018-08-08T06:05:46.000Z,2022-04-10 20:45:44.321,2026-02-11 20:31:26.654,,0.9112676801400538,2.2435641508831328,1.757545702274911,1.4409400185393433,1.5883293879593603,,,,662956948b928f2b082623b2366e6b8f2a1b32a9ee1f7e6fad07a33ad1362dca,kyma-project,0,0,48998,0.3255699259860372,17
86bb918dcf8c0e34e0e9c7f664ddec44440d0f5e008a1478e1b551d90b061666,npm,driver-dom,https://github.com/alibaba/rax,36.0,2019-01-11T11:57:43.279Z,2021-05-13T07:44:29.437Z,2022-04-09 12:38:20.643,2026-02-11 08:50:35.125,2.417173693190685,1.3090743707185923,0.5168159195399821,1.1407681313892617,1.4838482918012728,1.3735360813279587,,,,86bb918dcf8c0e34e0e9c7f664ddec44440d0f5e008a1478e1b551d90b061666,alibaba,0,0,86219,0.329203506732953,18
0a7108d41b80cd76f4ae6ffcb552da7613b8c9735421cac10b0c01c83120949c,maven,com.github.japgolly.fork.specs2:specs2-common_2.11,https://github.com/etorreborre/specs2,1.0,2015-12-30T02:33:43.000Z,2015-12-30T02:33:43.000Z,2022-07-25 20:12:02.676,2025-12-28 18:09:08.163,,31.979943940947386,22.360619819704137,10.494519495267886,10.0007423711334,18.708956406763203,,,,0a7108d41b80cd76f4ae6ffcb552da7613b8c9735421cac10b0c01c83120949c,etorreborre,0,0,100507,0.36919581548068914,19
5f80ed961d72f139a22a2f70c200aa63c9fab761cb3362ba57557c4b1e84d05b,maven,io.higherkindness:mu-rpc-health-check-unary_2.12,https://github.com/higherkindness/mu-scala,7.0,2019-10-17T10:05:33.000Z,2020-03-11T22:53:42.000Z,2022-07-26 16:45:44.267,2026-01-14 00:12:44.338,,31.979943940947386,13.42066560594539,13.844419074524032,18.195115197942226,19.36003595483976,,,,5f80ed961d72f139a22a2f70c200aa63c9fab761cb3362ba57557c4b1e84d05b,higherkindness,0,0,148914,0.36927282357953506,20
9d0589481f608e783d84860bec21233b309052222f9c04599ac5a187a90805b5,npm,@scollect/cornerstone-tools,https://github.com/cornerstonejs/cornerstoneTools,62.0,2019-07-22T15:31:57.140Z,2019-09-10T15:16:30.175Z,2022-04-08 12:42:10.016,2026-01-25 06:06:09.135,11.50344898901966,10.331462570266025,8.854664163323209,2.951128865379719,1.7543435662781832,7.079009630853359,,,,9d0589481f608e783d84860bec21233b309052222f9c04599ac5a187a90805b5,cornerstonejs,0,0,146249,0.38363693843300334,21
49da730a1eba817d4cbcc4a957ecef67ba8815bbeda35bf0faf49903ed5a4559,clojars,cljsjs/material-ui,https://github.com/cljsjs/packages,73.0,2020-02-09T17:38:24.000Z,2023-08-31T14:52:20.000Z,2022-07-19 15:40:24.657,2026-01-05 15:58:58.903,6.011258544431041,2.332127060715722,8.097104945717733,4.543626859670286,0.6785283474065138,4.332529151588259,,,,49da730a1eba817d4cbcc4a957ecef67ba8815bbeda35bf0faf49903ed5a4559,cljsjs,0,0,144204,0.4033501154624246,22
1014f8c45a18f2dbf9a06ec854fb8cf43ef04b1604f7d80b4d5b9443a2c8bd93,maven,com.impetus.kundera.client:kundera-elastic-search,https://github.com/Impetus/Kundera,29.0,2014-01-15T16:40:31.000Z,2017-08-22T13:02:14.000Z,2022-07-28 07:26:06.269,2025-12-23 01:18:36.378,,13.77969546196278,6.09896985654076,12.24599305228804,12.68087577210704,11.201383535724656,,,,1014f8c45a18f2dbf9a06ec854fb8cf43ef04b1604f7d80b4d5b9443a2c8bd93,Impetus,0,0,119300,0.4110968417721869,23
a55f57e245100b982a5723903088588827f9ba02242ba608b691bc57aad84b0d,maven,org.jupiter-rpc:jupiter-common,https://github.com/fengjiachun/Jupiter,38.0,2017-02-15T08:46:36.000Z,2019-06-15T11:46:15.000Z,2022-07-27 21:41:58.734,2026-01-22 19:46:43.568,,13.771089283389907,8.39325943948815,9.713335936639531,7.718802879657165,9.899121884793688,,,,a55f57e245100b982a5723903088588827f9ba02242ba608b691bc57aad84b0d,fengjiachun,0,0,110517,0.41979113051139777,24
3f3c3ee7997bda70da83143ba127c95064bb5bdfd38f65d623133409a3ee5a4f,npm,front-node-notifier,https://github.com/mikaelbr/node-notifier,1.0,2016-12-26T22:49:31.124Z,2016-12-26T22:49:31.124Z,2022-04-09 15:53:58.768,2026-01-02 00:25:18.640,32.387338205790535,7.990339975798177,21.318711782054763,1.3198339298562625,1.983705939964199,12.999985966692787,,,,3f3c3ee7997bda70da83143ba127c95064bb5bdfd38f65d623133409a3ee5a4f,mikaelbr,0,0,174576,0.4285695388283757,25
dac4517a245bd872d2914746a13c7546725597e3448658b17288cb582d5533b9,swiftpm,github.com/armadsen/ORSSerialPort,https://github.com/armadsen/ORSSerialPort,22.0,2013-03-11T02:48:37.000Z,2019-06-14T05:27:29.000Z,2022-11-28 17:56:21.007,2026-01-24 15:36:11.865,,14.294109005435581,7.982946192296383,7.433524313206993,3.7461436756280304,8.364180796641747,,,,dac4517a245bd872d2914746a13c7546725597e3448658b17288cb582d5533b9,armadsen,0,0,127014,0.43481115986312263,26
00d0b42e27c187894a785b9a8ce62fc64b3f9fc37dc8a15b67f8909ad9c6a283,npm,@rmosolgo/apollo-client,https://github.com/apollographql/apollo-client,2.0,2019-03-05T02:16:57.321Z,2019-03-05T02:10:05.568Z,2022-04-08 12:16:09.913,2026-01-08 02:02:26.724,46.854087987576854,10.295976646711454,8.833550931946979,0.6754483731845259,0.7083746528529873,13.47348771845456,,,,00d0b42e27c187894a785b9a8ce62fc64b3f9fc37dc8a15b67f8909ad9c6a283,apollographql,0,0,125947,0.6610961098656445,27
0ce9ad4609e6ed00840dc3d3ceacafa32810c4b4fd986bf9fd349cb0ae5670cf,npm,mint-ui-w,https://github.com/ElemeFE/mint-ui,1.0,2019-04-25T05:57:44.288Z,2019-04-25T05:57:44.288Z,2022-04-09 19:40:21.790,2026-01-23 14:10:55.141,49.070046023067505,10.34547353362831,8.861245838635242,0.7812992196851741,0.5700764564526726,13.92562821429378,,,,0ce9ad4609e6ed00840dc3d3ceacafa32810c4b4fd986bf9fd349cb0ae5670cf,ElemeFE,0,0,117253,0.6835583316584014,28
0687ef1f389022dae68ed44f461e88d96a1ae07c8954c77dbeeeda061997f87f,npm,@faceter/hls.js,https://github.com/video-dev/hls.js,4.0,2018-09-04T10:32:12.482Z,2018-09-04T13:26:13.246Z,2022-04-07 17:15:38.137,2026-01-05 18:12:08.660,64.39689277449303,10.295976646711454,20.907756255897063,0.857732476198372,0.7137967658018387,19.434430983820352,,,,0687ef1f389022dae68ed44f461e88d96a1ae07c8954c77dbeeeda061997f87f,video-dev,0,0,199066,0.7182547903389268,29
047251615ace75665d6cbc54ea3c9b4e52b02c07d06b7f0ead30fb70aa3c3d29,npm,@nomicfoundation/blockchain,https://github.com/ethereumjs/ethereumjs-monorepo,1.0,2022-08-30T10:57:20.676Z,2022-08-30T10:57:20.676Z,2022-09-01 00:31:33.247,2026-01-19 20:11:43.228,64.27733745101297,10.767935900085632,4.421787968848049,1.8849100016178129,1.4593361450135014,16.562261493315592,,,,047251615ace75665d6cbc54ea3c9b4e52b02c07d06b7f0ead30fb70aa3c3d29,ethereumjs,0,0,99804,0.8166575384182312,30
c1484adb9a4d7493d22a188f3dec4f99f8a0dd3f2fd7725f165aa666144e1be4,clojars,dwwoelfel/sablono,https://github.com/r0man/sablono,1.0,2020-02-09T21:53:58.000Z,2020-02-09T21:53:58.000Z,2022-07-19 14:15:28.097,2026-01-20 15:31:44.136,71.14923349671498,25.78996767129002,7.884033788716237,5.511523620815518,6.001668578579623,23.26728543122328,,,,c1484adb9a4d7493d22a188f3dec4f99f8a0dd3f2fd7725f165aa666144e1be4,r0man,0,0,29793,0.8372165769221391,31
d2ee4ed398a5f8a7980c7164d8dc4c1394f838df9a4bda96f2f289ca17d30f50,rubygems,hectoregm-webrat,https://github.com/brynary/webrat,1.0,2014-08-11T03:53:53.005Z,2014-08-11T03:53:53.005Z,2022-04-06 00:36:25.769,2026-01-27 13:06:33.500,80.73135782656044,46.781949801970555,15.705942029816185,1.1646634684274177,1.3945010918720016,29.155682843729316,,,,d2ee4ed398a5f8a7980c7164d8dc4c1394f838df9a4bda96f2f289ca17d30f50,brynary,0,0,139568,0.8464550100739032,32
40b3b2be83fc5210cea733c28ec2b9b920938ac862ddc44aea0f0eb52887a2da,rubygems,ruby_event_store-sequel,https://github.com/RailsEventStore/rails_event_store,1.0,2025-09-18T08:30:38.640Z,2025-09-18T08:30:38.640Z,2025-09-18 08:32:38.774,2026-02-12 05:23:47.599,91.63369333046536,43.659111260073736,14.253055262354867,1.303092907272809,2.280628911311099,30.625916334295574,,,,40b3b2be83fc5210cea733c28ec2b9b920938ac862ddc44aea0f0eb52887a2da,RailsEventStore,0,0,88749,0.8895569622467109,33
ed94a49c3ab8995a6f462000c89c91f4709d2942ded07635bea6abd5f6dcec38,cargo,tari-curve25519-dalek,https://github.com/dalek-cryptography/curve25519-dalek,2.0,2023-04-03T16:56:59.053Z,2023-07-12T10:59:09.426Z,2023-04-03 17:11:37.643,2026-01-14 21:40:46.273,96.62685676572431,29.09855334538879,34.43037974683544,6.897268757515211,3.1344646457340724,34.03750465223957,,,,ed94a49c3ab8995a6f462000c89c91f4709d2942ded07635bea6abd5f6dcec38,dalek-cryptography,0,0,147571,0.8906655940499156,34
f8c90be9c231d05d524acaf451b929fe4b1c5d929d738ea218518206cb86aad7,rubygems,activerecord-jdbcmysql-adapter-ficoh,https://github.com/jruby/activerecord-jdbc-adapter,1.0,2017-05-26T23:37:13.628Z,2017-05-26T23:37:13.628Z,2022-04-05 16:31:54.156,2026-01-04 14:18:28.249,88.54358915572877,46.781949801970555,15.705942029816185,2.4164612827420187,1.2540837966412564,30.940405213379755,,,,f8c90be9c231d05d524acaf451b929fe4b1c5d929d738ea218518206cb86aad7,jruby,0,0,158869,0.8944474684804713,35
7e711b96439a6de7510cb6602d25f60f9bba03c164691a429ddd8dae733164d4,rubygems,fae-railsz,https://github.com/wearefine/fae,1.0,2018-09-26T02:51:03.317Z,2018-09-26T02:51:03.317Z,2022-04-05 22:11:39.922,2025-12-23 02:46:29.941,93.18396753615214,46.781949801970555,15.705942029816185,1.855322661072614,2.011795656584762,31.90779553711925,,,,7e711b96439a6de7510cb6602d25f60f9bba03c164691a429ddd8dae733164d4,wearefine,0,0,201041,0.8986833097591281,36
ebe474e874a05898aa0d22d82253f7d67ea7e32f17d31585c03adf80c26ec72b,clojars,com.tiensonqin/rum,https://github.com/tonsky/rum,1.0,2020-02-09T20:17:11.000Z,2020-02-09T20:17:11.000Z,2022-07-19 14:11:17.612,2026-02-04 01:40:43.204,96.18834080717488,25.78996767129002,7.884033788716237,1.6007925748253204,4.718948795494838,27.236416727500263,,,,ebe474e874a05898aa0d22d82253f7d67ea7e32f17d31585c03adf80c26ec72b,tonsky,0,0,191873,0.9010809937241304,37
cd742aef22c20f76d28a195b04d46ed8b2a3926e015aa76aef5814fefd6af862,clojars,com.fbiasin/kibit,https://github.com/jonase/kibit,1.0,2020-02-09T18:48:02.000Z,2020-02-09T18:48:02.000Z,2022-07-19 14:08:23.854,2026-01-10 17:30:08.882,96.18834080717488,25.78996767129002,7.884033788716237,1.548649494212118,4.593805402023151,27.200959432683284,,,,cd742aef22c20f76d28a195b04d46ed8b2a3926e015aa76aef5814fefd6af862,jonase,0,0,158108,0.9017208306912462,38
ee0443084fae3548ee43027496b427a30f868222b9368a3f63ccdb02b4166a18,homebrew,pacparser,https://github.com/manugarg/pacparser,7.0,2022-04-12T16:53:48.531Z,2025-12-02T12:19:44.730Z,2022-04-12 16:53:48.520,2026-01-20 00:26:06.431,75.5945796460177,29.484165398976632,19.457889641819943,23.700221238938052,17.228982300884958,33.093167645327455,,,,ee0443084fae3548ee43027496b427a30f868222b9368a3f63ccdb02b4166a18,manugarg,0,0,171194,0.904040138706632,39
473c46fe16dd0a23808f9877fc8fb37bcace71ba0f780a1682f9216c85fcdca1,pypi,pycmssw,https://github.com/cms-sw/cmssw,1.0,2017-08-10T09:53:39.000Z,2017-08-10T09:53:39.000Z,2022-04-10 12:10:45.581,2026-01-09 14:46:58.594,83.8555068654382,22.23893976550684,7.377175419682736,2.0220544689318625,0.09100528264937895,23.116936360441805,,,,473c46fe16dd0a23808f9877fc8fb37bcace71ba0f780a1682f9216c85fcdca1,cms-sw,0,0,144828,0.9051509479230146,40
be851114e69b609240f7767187c80406b3db249b8856f59e075eba6a29909c00,clojars,cljsjs/simplebar,https://github.com/Grsmto/simplebar,1.0,2020-02-09T17:47:51.000Z,2020-02-09T17:47:51.000Z,2022-07-19 14:04:37.829,2026-01-11 12:05:20.037,96.18834080717488,25.78996767129002,7.884033788716237,0.6205026592971113,3.1546563770987595,26.727500260715402,,,,be851114e69b609240f7767187c80406b3db249b8856f59e075eba6a29909c00,Grsmto,0,0,89960,0.9054062250827813,41
0f80117ed7b18073265574645fd2dc4d23ba09245c4cdd84765988ca1f16d1ee,clojars,com.samroberton/http-kit,https://github.com/http-kit/http-kit,1.0,2020-02-09T20:04:48.000Z,2020-02-09T20:04:48.000Z,2022-07-19 14:11:06.312,2026-02-04 23:14:43.288,95.27062258838252,25.78996767129002,7.884033788716237,1.1732193137970592,3.4101574721034518,26.705600166857856,,,,0f80117ed7b18073265574645fd2dc4d23ba09245c4cdd84765988ca1f16d1ee,http-kit,0,0,149582,0.9058567754682868,42
49da730a1eba817d4cbcc4a957ecef67ba8815bbeda35bf0faf49903ed5a4559,clojars,cljsjs/react-relay,https://github.com/cljsjs/packages,2.0,2020-02-09T17:44:56.000Z,2020-02-09T17:44:55.000Z,2022-07-19 15:16:51.673,2026-02-01 00:23:59.489,82.9127124830535,25.78996767129002,7.884033788716237,2.8939409740327457,0.5110021900093857,23.998331421420378,,,,49da730a1eba817d4cbcc4a957ecef67ba8815bbeda35bf0faf49903ed5a4559,cljsjs,0,0,144310,0.9059422655527932,43
ec279744f74573ec5acb2280111e5aa9fc1e4a56852b994f35ecb5967ca4ef74,homebrew,helib,https://github.com/homenc/HElib,3.0,2022-04-12T16:46:15.681Z,2023-08-08T22:50:03.738Z,2022-04-12 16:46:15.669,2026-01-15 15:20:15.633,84.31609108731715,50.73141305987031,18.98657819333434,8.29437490574574,3.5439601870004522,33.1744834866536,,,,ec279744f74573ec5acb2280111e5aa9fc1e4a56852b994f35ecb5967ca4ef74,homenc,0,0,149178,0.9059797175102986,44
71352084354b694ba471044704bf1012ec2ae6476bbb949cae67e06f61e8caf1,homebrew,clblast,https://github.com/CNugteren/CLBlast,6.0,2022-04-12T16:41:57.338Z,2024-06-14T20:12:46.276Z,2022-04-12 16:41:57.327,2025-12-24 12:52:03.466,75.8709093651033,50.73141305987031,18.98657819333434,19.816015683908912,13.059870306137839,35.69295732167094,,,,71352084354b694ba471044704bf1012ec2ae6476bbb949cae67e06f61e8caf1,CNugteren,0,0,61484,0.9061479837424273,45
e076a5eb0388b2d3ea9d870a6356ed2217416ff0ede3da9a45f66306983cb728,rubygems,option_parser,https://github.com/ruby/ruby,1.0,2020-05-26T13:26:10.746Z,2020-05-26T13:26:10.746Z,2022-04-06 06:18:32.275,2026-01-19 10:09:42.817,96.30086030503287,46.781949801970555,15.705942029816185,0.031523502203779384,0.05444968562470984,31.774945064929618,,,,e076a5eb0388b2d3ea9d870a6356ed2217416ff0ede3da9a45f66306983cb728,ruby,0,0,53208,0.9069383196235664,46
50a5373ebba76fa22094d109ae2821761e746f894c3b27feb91cd39b0027c30d,rubygems,ta_by_star,https://github.com/radar/by_star,2.0,2022-06-27T16:45:12.446Z,2023-07-24T09:50:56.498Z,2022-06-27 16:50:38.588,2026-01-06 19:04:04.492,98.41872994039431,46.77900045850527,15.705524988537366,1.7961944062356718,2.919532324621733,33.123796423658874,,,,50a5373ebba76fa22094d109ae2821761e746f894c3b27feb91cd39b0027c30d,radar,0,0,30273,0.9073735936005213,47
bfe2ad775a18392028b0b879fe92513f2a083715bc076056af8ec69005bf9b2b,rubygems,klise,https://github.com/piharpi/jekyll-klise,1.0,2020-08-29T05:12:54.363Z,2020-08-29T05:12:54.363Z,2022-04-06 02:39:34.005,2026-01-24 11:08:29.077,95.11481569506219,21.785215073539817,15.61997781751511,2.099389988569359,1.5125793637320477,27.226395587683704,,,,bfe2ad775a18392028b0b879fe92513f2a083715bc076056af8ec69005bf9b2b,piharpi,0,0,165247,0.9077470311438682,48
70e90a7573d5076600825d04ed59b0c2f21ce971cd014a448f26c7ecd3ca242d,homebrew,zlog,https://github.com/HardySimpson/zlog,4.0,2022-04-12T16:59:38.655Z,2024-08-07T08:21:47.106Z,2022-04-12 16:59:38.642,2026-02-04 07:11:03.201,78.52510933494194,50.73141305987031,18.98657819333434,11.581963504750414,4.237671542753732,32.812547127130145,,,,70e90a7573d5076600825d04ed59b0c2f21ce971cd014a448f26c7ecd3ca242d,HardySimpson,0,0,118949,0.9077593991515327,49
cc43fd38ab78f1ff285339aa62561dcb4ff97daa7dfc2180277685a8ed6d741e,homebrew,encfs,https://github.com/vgough/encfs,1.0,2022-04-12T16:43:41.328Z,2022-04-12T16:43:41.328Z,2022-04-12 16:43:41.317,2026-01-04 10:33:38.955,92.17245709501883,18.015629360870776,19.39715322355568,11.464435146443515,9.541079648486539,30.118150894875065,,,,cc43fd38ab78f1ff285339aa62561dcb4ff97daa7dfc2180277685a8ed6d741e,vgough,0,0,199047,0.907789960160791,50
46b3df917ad4b67e6fadce7c72e0308b278efb030833f4507dd2a8263b8fb86e,rubygems,sorcery-mfa,https://github.com/sorcery/sorcery,1.0,2020-07-08T04:33:05.211Z,2020-07-08T04:33:05.211Z,2022-04-06 11:08:59.053,2026-02-12 13:00:41.200,96.94161207306658,46.781949801970555,15.705942029816185,1.287893116907681,1.6650140709450745,32.476482218541214,,,,46b3df917ad4b67e6fadce7c72e0308b278efb030833f4507dd2a8263b8fb86e,Sorcery,0,0,75310,0.9080803920416121,51
a2195cc0968ed23189ebce92f43f23b92bf0e8c8b6512bc8eec662a83202090d,rubygems,tinyspline,https://github.com/msteinbeck/tinyspline,6.0,2022-06-27T09:14:10.190Z,2023-02-03T22:51:49.781Z,2022-06-27 09:21:10.679,2026-02-12 13:00:47.428,95.99037138927098,46.77900045850527,15.705524988537366,1.850641907381935,1.9234296194406235,32.44979367262724,,,,a2195cc0968ed23189ebce92f43f23b92bf0e8c8b6512bc8eec662a83202090d,msteinbeck,0,0,176907,0.9082692147795569,52
e261b0184d17b3b5c648b2383983dec079939214ebebb031ce104e854f3516ae,clojars,lambdaisland/jbox2d-testbed,https://github.com/jbox2d/jbox2d,1.0,2021-02-07T09:22:23.000Z,2021-02-07T09:22:23.000Z,2022-07-19 14:29:41.849,2026-01-15 07:22:11.668,93.70633016998644,25.78996767129002,7.884033788716237,2.4663677130044843,4.0358744394618835,26.776514756491814,,,,e261b0184d17b3b5c648b2383983dec079939214ebebb031ce104e854f3516ae,jbox2d,0,0,156933,0.9082976604863628,53
69f9d6e3501121ff0a31ad5f30785ae659520eb4f4261d9ed1b4687f239a849e,homebrew,libselinux,https://github.com/SELinuxProject/selinux,1.0,2025-09-12T20:50:21.245Z,2025-09-12T20:50:21.245Z,2025-09-12 20:50:21.085,2025-12-28 14:32:41.783,73.61998837884951,46.03045449261886,15.77356736022318,14.909936083672285,7.088901801278326,31.484569623328433,,,,69f9d6e3501121ff0a31ad5f30785ae659520eb4f4261d9ed1b4687f239a849e,SELinuxProject,0,0,68182,0.9082423821544358,54
5a33e0e271e28799cb22e3485d808937c7a8f7e3ec8e8ebdc69657c050cbdafe,homebrew,nvchecker,https://github.com/lilydjwg/nvchecker,16.0,2022-04-12T16:53:11.264Z,2024-06-02T08:58:29.661Z,2022-04-12 16:53:11.257,2025-12-20 12:05:09.954,87.95053536419846,50.73141305987031,18.98657819333434,24.97360880711808,22.87739405821143,41.10390589654652,,,,5a33e0e271e28799cb22e3485d808937c7a8f7e3ec8e8ebdc69657c050cbdafe,lilydjwg,0,0,168342,0.9084578531132138,55
7306ad3a3f4884758e1d1fbd1648ac742151dce768e59729f150ce43c5b9ccd0,hackage,amazonka-personalize,https://github.com/brendanhay/amazonka,1.0,2023-07-27T21:43:11.000Z,2023-07-27T21:43:11.000Z,2023-09-05 04:01:34.497,2026-01-08 03:27:56.974,98.20451436388508,36.76470588235294,19.151846785225718,1.236890104879161,0.758093935248518,31.223210214318282,,,,7306ad3a3f4884758e1d1fbd1648ac742151dce768e59729f150ce43c5b9ccd0,brendanhay,0,0,139181,0.9085238180781576,56
2c38f39b5e0541bc5e0c43fa0d841df9614abb319465a5d5e7146077778a3e53,clojars,cljsjs/vis-timeline,https://github.com/visjs/vis-timeline,2.0,2020-02-09T17:49:28.000Z,2020-02-09T17:49:28.000Z,2022-07-19 14:04:46.046,2026-01-01 10:33:43.450,93.97225988111377,25.78996767129002,7.884033788716237,2.122223380957347,3.712587339660027,26.69621441234748,,,,2c38f39b5e0541bc5e0c43fa0d841df9614abb319465a5d5e7146077778a3e53,visjs,0,0,78051,0.9085322483270594,57
f5ca482eca282475a3e0319459ab00b92f3375eda4d8f2ac189f865a8f3a926c,clojars,jarohen.forks/crux-core,https://github.com/juxt/crux,1.0,2020-02-10T01:22:52.000Z,2020-02-10T01:22:52.000Z,2022-07-19 14:26:31.235,2026-02-11 21:20:31.161,98.33663572843884,25.78996767129002,7.884033788716237,1.3192199395140265,4.291375534466576,27.524246532485137,,,,f5ca482eca282475a3e0319459ab00b92f3375eda4d8f2ac189f865a8f3a926c,juxt,0,0,51253,0.9085678763107637,58
bc02ac664a96133fd7c50a69d2c865d6b3a7b8ea3705d23a178a31d56b8215d0,homebrew,youtube-dlc,https://github.com/blackjack4494/yt-dlc,1.0,2022-04-12T16:59:31.228Z,2022-04-12T16:59:31.228Z,2022-04-12 16:59:31.219,2025-09-03 23:01:07.723,92.83540802213001,29.484165398976632,19.432918395574,9.19651500484027,7.55082284607938,31.69996593352006,,,,bc02ac664a96133fd7c50a69d2c865d6b3a7b8ea3705d23a178a31d56b8215d0,blackjack4494,0,0,111558,0.9087113383181149,59
772a5351b91ccb6473b8aefcc32c6970228d18b53ff0e60ce13c7025d8c0a6c9,rubygems,stage-ruby,https://github.com/swagger-api/swagger-codegen,5.0,2022-05-13T21:50:30.854Z,2022-10-22T02:53:37.770Z,2022-05-13 22:00:11.636,2025-12-25 17:46:01.300,96.77670793214122,46.77900045850527,15.705524988537366,0.08023842274186153,0.05330123796423659,31.878954607977995,,,,772a5351b91ccb6473b8aefcc32c6970228d18b53ff0e60ce13c7025d8c0a6c9,swagger-api,0,0,186647,0.9088364366104547,60
b868f89aa5953b4ca9f94d5fb450952dd7b362958033b817e9e3fd8ec4dd2ee3,rubygems,azure_mgmt_hybrid_compute,https://github.com/Azure/azure-sdk-for-ruby,1.0,2020-09-08T08:14:44.080Z,2020-09-08T08:14:44.080Z,2022-04-05 17:45:30.721,2025-12-30 11:33:18.757,85.99576378315514,12.657950478416478,7.744041532289782,3.3283516681087275,1.6063061139640196,22.266482715186832,,,,b868f89aa5953b4ca9f94d5fb450952dd7b362958033b817e9e3fd8ec4dd2ee3,Azure,0,0,56908,0.9090125153784372,61
f7abef916801793c6fd7aa4eb98d5c5b07f3d328666cbeacf9cbb21bb9fc614a,rubygems,decidim-design,https://github.com/decidim/decidim,35.0,2023-11-30T11:57:46.743Z,2025-11-20T08:20:40.035Z,2023-11-30 12:07:53.497,2025-12-28 08:50:42.927,99.37655020706838,48.97139201580229,15.779521019908874,1.4005790855834623,1.401140215024802,33.38583650867756,,,,f7abef916801793c6fd7aa4eb98d5c5b07f3d328666cbeacf9cbb21bb9fc614a,decidim,0,0,148565,0.9178166135819389,62
a531153e2732ebdd12017672bfcd8c9685a62e72a78437668bf9d0ca2cbd555b,homebrew,picard-tools,https://github.com/broadinstitute/picard,10.0,2022-04-12T16:54:13.839Z,2025-05-14T04:20:43.268Z,2022-04-12 16:54:13.830,2025-05-14 04:20:43.835,78.52510933494194,50.73141305987031,18.98657819333434,17.64439752676821,7.434776051877545,34.66445483335847,,,,a531153e2732ebdd12017672bfcd8c9685a62e72a78437668bf9d0ca2cbd555b,broadinstitute,0,0,1173,0.9277171414422952,63
